Workbook

Sheet aggregated_data
A1: Label | B1: # Samples | C1: Average | D1: Median | E1: 90% Line | F1: 95% Line | G1: 99% Line | H1: Min | I1: Max | J1: Error % | K1: Throughput | L1: Received KB/sec | M1: Sent KB/sec | N1: Users
A2: [GET] Homepage | B2: 122 | C2: 808 | D2: 644 | E2: 1106 | F2: 1378 | G2: 4540 | H2: 468 | I2: 8286 | J2: 0.01639 | K2: 0.10122 | L2: 163.46 | M2: 6.07 | N2: 1
A3: [GET] Select Category | B3: 87 | C3: 316 | D3: 248 | E3: 534 | F3: 544 | G3: 618 | H3: 94 | I3: 645 | J3: 0.01149 | K3: 0.07212 | L3: 10.6 | M3: 3.05 | N3: 1
A4: [GET] Select Sub-Category | B4: 87 | C4: 387 | D4: 455 | E4: 568 | F4: 621 | G4: 1077 | H4: 83 | I4: 1089 | J4: 0 | K4: 0.07211 | L4: 12.65 | M4: 3.85 | N4: 1
A5: [GET] Product details | B5: 87 | C5: 182 | D5: 176 | E5: 211 | F5: 249 | G5: 313 | H5: 105 | I5: 359 | J5: 0 | K5: 0.07219 | L5: 7.26 | M5: 1.27 | N5: 1
A6: [POST] Search product - Autocomplete | B6: 108 | C6: 90 | D6: 88 | E6: 124 | F6: 153 | G6: 177 | H6: 40 | I6: 185 | J6: 0 | K6: 0.09123 | L6: 2.16 | M6: 0.14 | N6: 1
A7: [GET] Search | B7: 36 | C7: 103 | D7: 104 | E7: 136 | F7: 142 | G7: 172 | H7: 63 | I7: 172 | J7: 0 | K7: 0.03043 | L7: 0.92 | M7: 0.13 | N7: 1
A8: [GET] Open Product - Search result | B8: 36 | C8: 177 | D8: 171 | E8: 216 | F8: 219 | G8: 268 | H8: 93 | I8: 268 | J8: 0.02778 | K8: 0.03042 | L8: 3.27 | M8: 0.35 | N8: 1
A9: [POST] Add product to cart | B9: 27 | C9: 72 | D9: 71 | E9: 81 | F9: 84 | G9: 101 | H9: 64 | I9: 101 | J9: 0 | K9: 0.02368 | L9: 0.07 | M9: 0.04 | N9: 1
A10: [POST] Ajax Add to cart | B10: 27 | C10: 54 | D10: 54 | E10: 57 | F10: 60 | G10: 61 | H10: 51 | I10: 61 | J10: 0 | K10: 0.02368 | L10: 0.08 | M10: 0.04 | N10: 1
A11: [GET] View cart | B11: 30 | C11: 112 | D11: 111 | E11: 144 | F11: 145 | G11: 198 | H11: 68 | I11: 198 | J11: 0 | K11: 0.02631 | L11: 0.39 | M11: 0.08 | N11: 1
A12: [GET] Open Login page | B12: 48 | C12: 95 | D12: 81 | E12: 108 | F12: 146 | G12: 378 | H12: 75 | I12: 378 | J12: 0 | K12: 0.08145 | L12: 0.88 | M12: 0.18 | N12: 1
A13: [POST] Login | B13: 48 | C13: 258 | D13: 237 | E13: 250 | F13: 254 | G13: 1128 | H13: 226 | I13: 1128 | J13: 0 | K13: 0.08138 | L13: 1.41 | M13: 0.38 | N13: 1
... A102: TOTAL | B102: 22712 | C102: 25325 | D102: 15942 | E102: 69130 | F102: 80403 | G102: 98871 | H102: 0 | I102: 216708 | J102: 0.02166 | K102: 6.24631 | L102: 2118.14 | M102: 162.18 | N102: 200

Sheet average_response_time
A1: Average response time (ms) | B1: 1 | C1: 10 | D1: 30 | E1: 50 | F1: 100 | G1: 200
A2: [GET] Homepage | B2: =aggregated_data!C2 -> 808 | C2: =aggregated_data!C19 -> 723 | D2: =aggregated_data!C36 -> 1622 | E2: =aggregated_data!C53 -> 10007 | F2: =aggregated_data!C70 -> 24687 | G2: =aggregated_data!C87 -> 58083
A3: [GET] Select Category | B3: =aggregated_data!C3 -> 316 | C3: =aggregated_data!C20 -> 103 | D3: =aggregated_data!C37 -> 250 | E3: =aggregated_data!C54 -> 2869 | F3: =aggregated_data!C71 -> 10304 | G3: =aggregated_data!C88 -> 23978
A4: [GET] Select Sub-Category | B4: =aggregated_data!C4 -> 387 | C4: =aggregated_data!C21 -> 274 | D4: =aggregated_data!C38 -> 431 | E4: =aggregated_data!C55 -> 2322 | F4: =aggregated_data!C72 -> 5995 | G4: =aggregated_data!C89 -> 13902
A5: [GET] Product details | B5: =aggregated_data!C5 -> 182 | C5: =aggregated_data!C22 -> 422 | D5: =aggregated_data!C39 -> 833 | E5: =aggregated_data!C56 -> 4864 | F5: =aggregated_data!C73 -> 13350 | G5: =aggregated_data!C90 -> 32201
A6: [POST] Search product - Autocomplete | B6: =aggregated_data!C6 -> 90 | C6: =aggregated_data!C23 -> 474 | D6: =aggregated_data!C40 -> 840 | E6: =aggregated_data!C57 -> 4521 | F6: =aggregated_data!C74 -> 12808 | G6: =aggregated_data!C91 -> 30899
A7: [GET] Search | B7: =aggregated_data!C7 -> 103 | C7: =aggregated_data!C24 -> 232 | D7: =aggregated_data!C41 -> 616 | E7: =aggregated_data!C58 -> 4880 | F7: =aggregated_data!C75 -> 13867 | G7: =aggregated_data!C92 -> 32343
A8: [GET] Open Product - Search result | B8: =aggregated_data!C8 -> 177 | C8: =aggregated_data!C25 -> 100 | D8: =aggregated_data!C42 -> 144 | E8: =aggregated_data!C59 -> 545 | F8: =aggregated_data!C76 -> 1658 | G8: =aggregated_data!C93 -> 3950
A9: [POST] Add product to cart | B9: =aggregated_data!C9 -> 72 | C9: =aggregated_data!C26 -> 124 | D9: =aggregated_data!C43 -> 223 | E9: =aggregated_data!C60 -> 718 | F9: =aggregated_data!C77 -> 3115 | G9: =aggregated_data!C94 -> 7183
A10: [POST] Ajax Add to cart | B10: =aggregated_data!C10 -> 54 | C10: =aggregated_data!C27 -> 220 | D10: =aggregated_data!C44 -> 482 | E10: =aggregated_data!C61 -> 127 | F10: =aggregated_data!C78 -> 7172 | G10: =aggregated_data!C95 -> 17018
A11: [GET] View cart | B11: =aggregated_data!C11 -> 112 | C11: =aggregated_data!C28 -> 86 | D11: =aggregated_data!C45 -> 150 | E11: =aggregated_data!C62 -> 1339 | F11: =aggregated_data!C79 -> 2653 | G11: =aggregated_data!C96 -> 6305
A12: [GET] Open Login page | B12: =aggregated_data!C12 -> 95 | C12: =aggregated_data!C29 -> 61 | D12: =aggregated_data!C46 -> 71 | E12: =aggregated_data!C63 -> 235 | F12: =aggregated_data!C80 -> 286 | G12: =aggregated_data!C97 -> 868
A13: [POST] Login | B13: =aggregated_data!C13 -> 258 | C13: =aggregated_data!C30 -> 115 | D13: =aggregated_data!C47 -> 148 | E13: =aggregated_data!C64 -> 2910 | F13: =aggregated_data!C81 -> 478 | G13: =aggregated_data!C98 -> 1252
... A16: [POST] Ajax update cart | B16: =aggregated_data!C16 -> 60 | C16: =aggregated_data!C33 -> 59 | D16: =aggregated_data!C50 -> 75 | E16: =aggregated_data!C67 -> 78 | F16: =aggregated_data!C84 -> 199 | G16: =aggregated_data!C101 -> 283

Sheet 95_percentile
A1: 95th Percentile (ms) | B1: 1 | C1: 10 | D1: 30 | E1: 50 | F1: 100 | G1: 200
A2: [GET] Homepage | B2: =aggregated_data!F2 -> 1378 | C2: =aggregated_data!F19 -> 1444 | D2: =aggregated_data!F36 -> 2704 | E2: =aggregated_data!F53 -> 13914 | F2: =aggregated_data!F70 -> 42382 | G2: =aggregated_data!F87 -> 99199
A3: [GET] Select Category | B3: =aggregated_data!F3 -> 544 | C3: =aggregated_data!F20 -> 136 | D3: =aggregated_data!F37 -> 937 | E3: =aggregated_data!F54 -> 6458 | F3: =aggregated_data!F71 -> 17183 | G3: =aggregated_data!F88 -> 37765
A4: [GET] Select Sub-Category | B4: =aggregated_data!F4 -> 621 | C4: =aggregated_data!F21 -> 330 | D4: =aggregated_data!F38 -> 989 | E4: =aggregated_data!F55 -> 4865 | F4: =aggregated_data!F72 -> 9552 | G4: =aggregated_data!F89 -> 31014
A5: [GET] Product details | B5: =aggregated_data!F5 -> 249 | C5: =aggregated_data!F22 -> 795 | D5: =aggregated_data!F39 -> 1915 | E5: =aggregated_data!F56 -> 9946 | F5: =aggregated_data!F73 -> 31728 | G5: =aggregated_data!F90 -> 72304
A6: [POST] Search product - Autocomplete | B6: =aggregated_data!F6 -> 153 | C6: =aggregated_data!F23 -> 882 | D6: =aggregated_data!F40 -> 1845 | E6: =aggregated_data!F57 -> 9682 | F6: =aggregated_data!F74 -> 31942 | G6: =aggregated_data!F91 -> 73774
A7: [GET] Search | B7: =aggregated_data!F7 -> 142 | C7: =aggregated_data!F24 -> 338 | D7: =aggregated_data!F41 -> 1471 | E7: =aggregated_data!F58 -> 8946 | F7: =aggregated_data!F75 -> 28992 | G7: =aggregated_data!F92 -> 67269
A8: [GET] Open Product - Search result | B8: =aggregated_data!F8 -> 219 | C8: =aggregated_data!F25 -> 165 | D8: =aggregated_data!F42 -> 419 | E8: =aggregated_data!F59 -> 3121 | F8: =aggregated_data!F76 -> 8160 | G8: =aggregated_data!F93 -> 17779
A9: [POST] Add product to cart | B9: =aggregated_data!F9 -> 84 | C9: =aggregated_data!F26 -> 199 | D9: =aggregated_data!F43 -> 681 | E9: =aggregated_data!F60 -> 3668 | F9: =aggregated_data!F77 -> 8799 | G9: =aggregated_data!F94 -> 19697
A10: [POST] Ajax Add to cart | B10: =aggregated_data!F10 -> 60 | C10: =aggregated_data!F27 -> 306 | D10: =aggregated_data!F44 -> 1139 | E10: =aggregated_data!F61 -> 88 | F10: =aggregated_data!F78 -> 18005 | G10: =aggregated_data!F95 -> 42523
A11: [GET] View cart | B11: =aggregated_data!F11 -> 145 | C11: =aggregated_data!F28 -> 112 | D11: =aggregated_data!F45 -> 535 | E11: =aggregated_data!F62 -> 4042 | F11: =aggregated_data!F79 -> 8659 | G11: =aggregated_data!F96 -> 18687
A12: [GET] Open Login page | B12: =aggregated_data!F12 -> 146 | C12: =aggregated_data!F29 -> 77 | D12: =aggregated_data!F46 -> 94 | E12: =aggregated_data!F63 -> 194 | F12: =aggregated_data!F80 -> 99 | G12: =aggregated_data!F97 -> 102
A13: [POST] Login | B13: =aggregated_data!F13 -> 254 | C13: =aggregated_data!F30 -> 155 | D13: =aggregated_data!F47 -> 303 | E13: =aggregated_data!F64 -> 6413 | F13: =aggregated_data!F81 -> 359 | G13: =aggregated_data!F98 -> 1062
... A16: [POST] Ajax update cart | B16: =aggregated_data!F16 -> 65 | C16: =aggregated_data!F33 -> 70 | D16: =aggregated_data!F50 -> 99 | E16: =aggregated_data!F67 -> 83 | F16: =aggregated_data!F84 -> 84 | G16: =aggregated_data!F101 -> 81

Sheet throughput
A1: Throughput | B1: 1 | C1: 10 | D1: 30 | E1: 50 | F1: 100 | G1: 200
A2: [GET] Homepage | B2: =aggregated_data!K2 -> 0.10122 | C2: =aggregated_data!K19 -> 0.98111 | D2: =aggregated_data!K36 -> 2.15762 | E2: =aggregated_data!K53 -> 1.50893 | F2: =aggregated_data!K70 -> 1.16674 | G2: =aggregated_data!K87 -> 1.06104
A3: [GET] Select Category | B3: =aggregated_data!K3 -> 0.07212 | C3: =aggregated_data!K20 -> 0.30481 | D3: =aggregated_data!K37 -> 0.68073 | E3: =aggregated_data!K54 -> 0.50837 | F3: =aggregated_data!K71 -> 0.39457 | G3: =aggregated_data!K88 -> 0.35901
A4: [GET] Select Sub-Category | B4: =aggregated_data!K4 -> 0.07211 | C4: =aggregated_data!K21 -> 0.30486 | D4: =aggregated_data!K38 -> 0.68071 | E4: =aggregated_data!K55 -> 0.50825 | F4: =aggregated_data!K72 -> 0.39358 | G4: =aggregated_data!K89 -> 0.35629
A5: [GET] Product details | B5: =aggregated_data!K5 -> 0.07219 | C5: =aggregated_data!K22 -> 0.70863 | D5: =aggregated_data!K39 -> 1.55796 | E5: =aggregated_data!K56 -> 1.08833 | F5: =aggregated_data!K73 -> 0.83344 | G5: =aggregated_data!K90 -> 0.74765
A6: [POST] Search product - Autocomplete | B6: =aggregated_data!K6 -> 0.09123 | C6: =aggregated_data!K23 -> 0.70887 | D6: =aggregated_data!K40 -> 1.55848 | E6: =aggregated_data!K57 -> 1.08731 | F6: =aggregated_data!K74 -> 0.82968 | G6: =aggregated_data!K91 -> 0.73685
A7: [GET] Search | B7: =aggregated_data!K7 -> 0.03043 | C7: =aggregated_data!K24 -> 0.70885 | D7: =aggregated_data!K41 -> 1.55833 | E7: =aggregated_data!K58 -> 1.08723 | F7: =aggregated_data!K75 -> 0.82599 | G7: =aggregated_data!K92 -> 0.73316
A8: [GET] Open Product - Search result | B8: =aggregated_data!K8 -> 0.03042 | C8: =aggregated_data!K25 -> 0.8835 | D8: =aggregated_data!K42 -> 1.94393 | E8: =aggregated_data!K59 -> 1.3525 | F8: =aggregated_data!K76 -> 1.03175 | G8: =aggregated_data!K93 -> 0.91609
A9: [POST] Add product to cart | B9: =aggregated_data!K9 -> 0.02368 | C9: =aggregated_data!K26 -> 0.29475 | D9: =aggregated_data!K43 -> 0.64798 | E9: =aggregated_data!K60 -> 0.33537 | F9: =aggregated_data!K77 -> 0.34426 | G9: =aggregated_data!K94 -> 0.30507
A10: [POST] Ajax Add to cart | B10: =aggregated_data!K10 -> 0.02368 | C10: =aggregated_data!K27 -> 0.29468 | D10: =aggregated_data!K44 -> 0.64803 | E10: =aggregated_data!K61 -> 0.33538 | F10: =aggregated_data!K78 -> 0.34257 | G10: =aggregated_data!K95 -> 0.30416
A11: [GET] View cart | B11: =aggregated_data!K11 -> 0.02631 | C11: =aggregated_data!K28 -> 0.21804 | D11: =aggregated_data!K45 -> 0.48151 | E11: =aggregated_data!K62 -> 0.45106 | F11: =aggregated_data!K79 -> 0.25594 | G11: =aggregated_data!K96 -> 0.22416
A12: [GET] Open Login page | B12: =aggregated_data!K12 -> 0.08145 | C12: =aggregated_data!K29 -> 0.21804 | D12: =aggregated_data!K46 -> 0.48151 | E12: =aggregated_data!K63 -> 0.37062 | F12: =aggregated_data!K80 -> 0.25594 | G12: =aggregated_data!K97 -> 0.225
A13: [POST] Login | B13: =aggregated_data!K13 -> 0.08138 | C13: =aggregated_data!K30 -> 0.23929 | D13: =aggregated_data!K47 -> 0.52927 | E13: =aggregated_data!K64 -> 0.45059 | F13: =aggregated_data!K81 -> 0.28308 | G13: =aggregated_data!K98 -> 0.24879
... A16: [POST] Ajax update cart | B16: =aggregated_data!K16 -> 0.008 | C16: =aggregated_data!K33 -> 0.02196 | D16: =aggregated_data!K50 -> 0.0487 | E16: =aggregated_data!K67 -> 0.03602 | F16: =aggregated_data!K84 -> 0.02768 | G16: =aggregated_data!K101 -> 0.02416

Sheet aggregated_charts
